Experiment,Difficulty,Overall Score,Ukrainian,Completeness,Retrieval,Structure,Citations,Re-rank,Tool Usage,QA Score
Baseline (No RAG),Easy,0.5603955400238635,0.9482488267621201,1.0,0.0,0.9333333333333333,0.0,,,
Basic RAG,Easy-Medium,0.7296951196473391,0.9166268698857436,0.9796666666666667,0.7597946739196779,0.6666666666666666,0.2,,,
Advanced RAG,Medium,0.7561704206430312,0.8947784109587693,0.987,0.7690774130821229,0.9333333333333333,0.06666666666666667,0.7758724840512475,,
RAG + Tools,Medium-Hard,0.7979165598121667,0.9175516173709969,1.0,0.7901910364627839,1.0,0.6666666666666666,,1.0,
Multi-Agent,Hard,0.8505048590274631,0.9240057093985797,1.0,0.7633562111854554,0.8,0.2,,,0.9
